Apple iPhone 15 (128 GB) - Black,69900,2024-10-15
Apple iPhone 15 (128 GB) - Black,69900,2024-10-15
Apple iPhone 15 (128 GB) - Black,69900,2024-10-15
Apple iPhone 13 (128GB) - Midnight,43999,2024-10-15
Apple iPhone 13 (128GB) - Midnight,43999,2024-10-15
Apple iPhone 13 (128GB) - Midnight,43999,2024-10-15
Apple iPhone 13 (128GB) - Midnight,43999,2024-10-15
Apple iPhone 13 (128GB) - Midnight,43999,2024-10-15
Apple iPhone 13 (128GB) - Midnight,43999,2024-10-15
Apple iPhone 13 (128GB) - Midnight,43999,2024-10-15
